sector,helium,hydrogen,methane,ice,ore,silicon,nividium,rawscrap,rawkhaakscrap
Trinity Sanctum III,55000,225000,225000,379870,87857,135000,300,,
Path to Profit,,3773810,,,,,,,
Pious Mists IV,,,974026,,1295455,1616884,,,
Matrix #79B,,225000,,,,,,75000,
Tharka's Ravine XVI,,,,1168832,1276191,1558441,,,
Silent Witness I,,2400433,,,,1246753,3214,,
Turquoise Sea X,,1295455,,,1444805,1256493,8543,,
Turquoise Sea IX,,1547619,,,2158008,1820779,5294,,
Frontier Edge,225000,2321429,627272,,3000000,2964286,,,
Matrix #598,,915151,,1397187,2107143,2220779,2443,,
Eighteen Billion,514286,,2226191,,1832143,1210389,,,
Second Contact VII,,,,,3083333,1884199,2961,,
Ocean of Fantasy,,,,,,,,500000,
Reflected Stars,3125540,,,,,,,,
Tempting Fumes,2219047,,,,,,,,
Barren Shores,,,,,1619047,1464286,,,
Guiding Star VII,,,,3486996,,,,,
Second Contact XI,,,,,2428571,1246753,,,
Watchful Gaze,1034631,1401948,905843,,2435065,1732901,,,
President's End,,,,916667,1726190,,652,,
Avarice I,2542207,1777056,1820779,2704545,1625540,1751948,833,,
Avarice IV,2472944,2920563,1906060,3232035,1752598,1367424,,,
Avarice V Dead End,2404545,2375325,2103896,2434615,1849567,1509524,700,,
Neptune,1464285,2547619,,,,,,,
Mitsuno's Sacrifice,837662,1345238,1782467,1474026,897187,809524,400,,
Savage Spur II,1470779,1884199,1870130,,1622727,1914502,6365,,
Savage Spur I,1200217,1278138,1928571,,1518615,2142857,4000,,
Sanctuary of Darkness,,,,,75000,225000,652,,
Hewa's Twin I,183333,225000,50000,,108333,107143,300,,
Hewa's Twin II,75000,300000,108333,,380953,375000,400,,
Heretic's End,,,,,3107143,,,45000,
Two Grand,,,,,1285715,867857,,,
Getsu Fune,,,,1892857,1521645,1861904,,1813853,57857
Circle of Deceit,634091,,2214285,,,,,750000,74000
Segaris,1246753,927489,741234,1952381,1694805,1938311,1480,,
Windfall I Union Summit,,1401948,,2624242,2717532,2103895,7476,,
The Void,87857,900000,1061688,1061688,1811688,1110389,2143,,
Family Nhuut,75000,150000,128571,589286,1587662,1034631,700,654762,49000
Grand Exchange III,75000,422727,57857,150000,2914286,1954545,,15000,
Grand Exchange IV,,759741,,,1375000,1325000,400,,
Grand Exchange I,,1431818,,1430952,3081602,1624675,300,,
Atiya's Misfortune I,,2059524,,,1337662,,22794,,
Atiya's Misfortune III,,1607142,,,1480519,1610389,20714,,
Saturn 2,1392207,1979437,,1660714,1583333,2380952,,,
Titan,,3077922,2057143,,,,,,
Faulty Logic VII,,2273810,,,2928571,2273810,,,
Faulty Logic I,,2491992,,,2761904,3058441,,107143,
Memory of Profit IX,,,,182143,107143,195238,400,,
Gaian Prophecy,906818,1422077,866884,,2166667,2821429,2000,,
Heart of Acrimony I The Boneyard,,,,,1480519,1381818,,,
Moo-Kye's Revenge,,,,1714286,1559524,1083333,300,,
Mists of Artemis,790044,916667,731602,,1571428,1928571,4286,,
Tharka's Ravine VIII,1092857,896104,1519480,1464286,,,,,
Windfall III The Hoard,,3295238,,,,,,,
Matrix #9,,,2500000,,2509524,2976190,9571,,
Emperor's Pride VI,,,,,1713420,2178571,,,
Silent Witness XI,,,,2235931,2639611,1778138,5476,,
Mi Ton's Refuge,,,,1402597,1082251,1404762,700,,
Cardinal's Domain,594156,1260823,1738095,1785715,1285715,623377,,,
Nopileos' Memorial,,,,2113636,1889610,1899350,652,,
Mitsuno's Defiance,214286,594156,325000,1416667,1511904,1746753,300,,
Holy Vision,150000,759741,42857,345000,450000,289286,409,,
Matrix #451,,1914502,,,1425758,1464285,,,
Oort Cloud,1404761,2667749,2132251,1991342,2751083,2869047,8143,,
Atreus' Clouds,,2560823,,,2035714,2035714,,,
Mercury,2834415,,,,,,,,
Wretched Skies X,,,,1459524,1392857,1383116,,,
Great Reef,983116,2299451,2649350,,,,,,
Fires of Defeat,,,,,,,,150000,
Menelaus' Oasis,1866884,,,,1511904,1889610,,,
Windfall IV Aurora's Dream,,2840909,,2230519,150000,150000,400,1003247,
Heart of Acrimony II,,1034631,,2920563,2337663,2542207,,,
Second Contact II Flashpoint,,974026,,1928571,750000,1217532,1765,,
Morning Star IV,122143,516234,,2488095,2226190,1571428,16588,,
Rolk's Demise,,,1577921,1735931,1593074,1568182,,,
Tharka's Ravine IV Tharka's Fall,1250000,2025974,2892857,1738095,,,,,
Adventure's Promise,496537,1610389,1297619,,2369047,3023810,1071,,
Asteroid Belt,2063853,2507576,2235931,2602381,2507575,2321429,5271,,
Pontifex's Claim,211364,535714,608571,428572,,,,,
Hatikvah's Choice III,107143,300000,37000,150000,600000,696429,1352,,
Antigone Memorial,225000,784091,,1714286,1003247,1246753,4000,,
Tharka's Cascade XVII,,695455,,,2219047,1870130,,,
Tharka's Cascade XV,,2761904,,,2727273,2490259,4881,25000,
Unknown System,,2250000,,,1840909,1840909,3143,,
CEO's Doubt,730520,778788,1051948,1776191,1685064,2273809,,,
Lasting Vengeance,,332143,,1207792,809091,1372727,,,
Hatikvah's Faith,,,,1207143,1587663,1256493,,,
Loomanckstrat's Legacy,,,,1051948,1139611,1237013,3214,,
Ore Belt,150000,225000,150000,,1224026,,,1353247,
Rhy's Defiance,,,,,,,,2044805,
Family Zhin,266667,730520,380953,,2119047,1464286,4100,,
Pious Mists XI,859091,2785714,,350650,1431818,857142,8504,,
Trinity Sanctum VII,225000,332143,225000,1011904,1190475,1952381,13143,,
Matrix #101,,,,,623377,300000,,1003247,74000
Cardinal's Redress,,1738095,,,2035714,1892858,,,
Void of Opportunity,75000,152381,150000,,896104,867857,300,,
Scale Plate Green I,,422727,,,454091,257143,300,1033551,
Scale Plate Green VII,,,,,1821096,2175823,,,
Silent Witness XII,,,,,2233766,1587662,,2888096,65000
The Reach,,,,,1952381,,,,
Black Hole Sun IV,85714,484091,107143,,85714,75000,409,,
Black Hole Sun V,75000,535715,150000,,,,,,
Sanctum Verge,,,12000,,1648485,1961039,2143,,
Family Kritt,,,,1266233,1678571,1952381,,,
Nopileos' Fortune II,,4772727,,2551948,5103896,,2609,,
Ianamus Zura IV,75000,150000,150000,216667,,,,,
Ianamus Zura VII,,,,45000,332143,283333,300,,
Scarlet Star,75000,,,,1500000,,,1277056,
Third Redemption,,,225000,634091,623377,,529,,
